,City,Country,Latitude,Longitude,Temperature(F),Humidity(%),Cloudiness(%),Wind Speed(MPH),Date
0,Peniche,PT,39.36,-9.38,84.9,24,20,10.29,2018-09-10 15:30:00
1,Busselton,AU,-33.64,115.35,55.84,100,0,19.8,2018-09-10 15:33:30
2,Alofi,NU,-19.06,-169.92,73.4,94,32,4.7,2018-09-10 15:00:00
3,Karatuzskoye,RU,53.61,92.87,43.33,90,12,2.46,2018-09-10 16:06:10
4,Thompson,CA,55.74,-97.86,39.2,93,90,12.75,2018-09-10 15:00:00
5,Ambon,FR,47.55,-2.56,71.6,60,20,10.29,2018-09-10 15:30:00
6,Brigantine,US,39.41,-74.36,69.76,93,90,10.29,2018-09-10 15:56:00
7,Gashua,NG,12.87,11.04,85.09,82,88,4.36,2018-09-10 16:06:11
8,Farmington,US,36.73,-108.21,61.27,35,1,9.17,2018-09-10 15:53:00
9,Sisimiut,GL,66.94,-53.67,38.11,78,32,2.57,2018-09-10 15:57:48
10,Carnarvon,ZA,-30.97,22.13,62.23,18,0,8.95,2018-09-10 15:56:33
11,Ushuaia,AR,-54.81,-68.31,50.81,40,0,20.8,2018-09-10 15:00:00
12,Punta Arenas,CL,-53.16,-70.91,46.6,75,75,11.41,2018-09-10 15:00:00
13,Mikkeli,FI,61.69,27.27,59.0,82,0,5.82,2018-09-10 15:50:00
14,Yellowknife,CA,62.45,-114.38,42.8,75,75,6.93,2018-09-10 15:00:00
15,Morondava,MG,-20.3,44.28,71.23,100,92,7.72,2018-09-10 16:06:14
16,Bredasdorp,ZA,-34.53,20.04,66.2,63,0,10.29,2018-09-10 15:00:00
17,Pevek,RU,69.7,170.27,50.08,83,0,8.61,2018-09-10 15:36:00
18,Poum,MK,41.28,20.71,75.2,44,20,4.7,2018-09-10 15:30:00
19,East London,ZA,-33.02,27.91,64.4,63,20,11.41,2018-09-10 15:00:00
20,Remontnoye,RU,46.56,43.66,75.2,19,92,17.9,2018-09-10 15:30:00
21,New Norfolk,AU,-42.78,147.06,48.2,81,20,9.17,2018-09-10 15:00:00
22,Saint-Denis,FR,48.94,2.36,76.55,36,0,6.93,2018-09-10 15:30:00
23,Atuona,PF,-9.8,-139.03,79.87,98,0,13.31,2018-09-10 15:35:32
24,Mataura,NZ,-46.19,168.86,33.97,93,48,6.26,2018-09-10 15:36:03
25,Salamiyah,SY,35.01,37.05,81.31,32,12,11.18,2018-09-10 16:06:16
26,Bluff,AU,-23.58,149.07,56.74,47,0,8.39,2018-09-10 15:35:31
27,Pundaguitan,PH,6.37,126.17,77.89,100,48,10.74,2018-09-10 16:03:55
28,Cajamarca,PE,-7.16,-78.52,64.4,45,20,6.93,2018-09-10 15:30:00
29,Puerto Ayora,EC,-0.74,-90.35,73.4,73,75,14.99,2018-09-10 15:00:00
30,Rikitea,PF,-23.12,-134.97,72.58,100,0,13.2,2018-09-10 15:35:23
31,Clyde River,CA,70.47,-68.59,39.2,60,75,6.93,2018-09-10 15:00:00
32,Tres Arroyos,AR,-38.38,-60.28,51.43,100,88,11.41,2018-09-10 16:06:18
33,Ola,RU,59.58,151.3,48.2,100,90,6.71,2018-09-10 15:00:00
34,Cabo San Lucas,MX,22.89,-109.91,79.65,78,5,11.41,2018-09-10 14:45:00
35,Lompoc,US,34.64,-120.46,53.49,96,75,5.14,2018-09-10 15:42:00
36,Qaanaaq,GL,77.48,-69.36,31.0,100,36,5.37,2018-09-10 16:03:06
37,Manaure,CO,11.78,-72.45,83.38,96,0,14.76,2018-09-10 16:06:19
38,Haines Junction,CA,60.75,-137.51,30.19,84,0,2.57,2018-09-10 16:02:45
39,Navlya,RU,52.83,34.5,68.0,56,0,8.95,2018-09-10 15:00:00
40,Goderich,CA,43.74,-81.71,58.54,100,92,20.47,2018-09-10 16:06:20
41,Butaritari,KI,3.07,172.79,85.18,100,20,17.45,2018-09-10 15:35:30
42,Paez,CO,2.93,-76.46,82.4,54,40,4.7,2018-09-10 15:00:00
43,Cape Town,ZA,-33.93,18.42,64.4,63,0,9.17,2018-09-10 15:00:00
44,Belaya Gora,RU,68.54,146.19,42.52,73,8,7.05,2018-09-10 16:06:21
45,Uvalde,US,29.21,-99.79,70.93,97,90,6.93,2018-09-10 15:55:00
46,Lebu,ET,8.96,38.73,66.2,59,75,9.17,2018-09-10 15:00:00
47,Saint-Augustin,FR,44.83,-0.61,76.59,51,0,10.29,2018-09-10 15:30:00
48,Airai,TL,-8.93,125.41,63.49,88,0,2.13,2018-09-10 16:04:31
49,Harer,US,42.19,-111.17,53.41,50,0,2.68,2018-09-10 16:06:22
50,Port Elizabeth,US,39.31,-74.98,69.28,96,90,20.8,2018-09-10 15:22:00
51,Tazmalt,DZ,36.39,4.4,82.4,83,75,6.93,2018-09-10 15:00:00
52,Tiksi,RU,71.64,128.87,34.69,100,92,21.14,2018-09-10 15:39:24
53,Georgetown,GY,6.8,-58.16,87.8,66,75,4.7,2018-09-10 15:00:00
54,Ust-Charyshskaya Pristan,RU,52.39,83.67,57.1,94,92,14.2,2018-09-10 16:06:24
55,Nome,US,30.04,-94.42,81.23,81,40,4.7,2018-09-10 15:15:00
56,Sidi Ali,DZ,36.1,0.42,85.36,54,80,6.6,2018-09-10 16:06:24
57,Yerofey Pavlovich,RU,53.97,121.97,36.67,88,32,2.35,2018-09-10 16:03:51
58,Tuktoyaktuk,CA,69.44,-133.03,33.8,80,90,13.87,2018-09-10 15:00:00
59,Salinas,US,36.67,-121.66,54.88,100,90,3.24,2018-09-10 15:35:00
60,Arlit,NE,18.74,7.39,98.68,35,0,4.92,2018-09-10 16:03:50
61,Eureka,US,40.8,-124.16,50.77,100,90,4.7,2018-09-10 15:35:00
62,Vila Franca do Campo,PT,37.72,-25.43,78.8,78,20,10.29,2018-09-10 15:30:00
63,Tasiilaq,GL,65.61,-37.64,41.0,80,90,3.36,2018-09-10 14:50:00
64,Lumphat,KH,13.5,106.97,75.73,96,44,1.68,2018-09-10 16:06:26
65,Whitehorse,CA,60.72,-135.06,39.2,80,40,2.24,2018-09-10 15:00:00
66,Novyy Urengoy,RU,66.08,76.63,34.51,82,48,15.99,2018-09-10 16:06:27
67,Laguna,MX,27.52,-110.01,82.4,78,20,3.36,2018-09-10 14:40:00
68,Chuy,UY,-33.69,-53.46,61.42,89,88,12.64,2018-09-10 15:52:19
69,Cayenne,GF,4.94,-52.33,89.6,62,8,2.24,2018-09-10 15:30:00
70,Gouloure,BF,12.23,-1.93,87.8,62,40,6.93,2018-09-10 15:00:00
71,Saint-Martin-Boulogne,FR,50.72,1.65,66.2,77,75,12.75,2018-09-10 15:50:00
72,Warmbad,DE,50.67,13.08,75.78,38,0,5.82,2018-09-10 15:50:00
73,Lasa,CY,34.92,32.53,83.55,65,20,12.75,2018-09-10 15:30:00
74,Dikson,RU,73.51,80.55,34.78,100,64,3.58,2018-09-10 15:35:25
75,Coquimbo,CL,-29.95,-71.34,50.0,100,90,6.93,2018-09-10 15:00:00
76,Saldanha,PT,41.42,-6.55,83.56,32,0,5.14,2018-09-10 15:50:56
77,Albany,US,42.65,-73.75,56.03,74,90,5.14,2018-09-10 14:54:00
78,Mount Gambier,AU,-37.83,140.78,56.83,75,0,7.72,2018-09-10 16:04:53
79,Storforshei,NO,66.4,14.52,64.4,55,75,13.87,2018-09-10 15:50:00
80,Gazanjyk,TM,39.24,55.52,85.36,20,0,10.07,2018-09-10 16:06:31
81,Wakkanai,JP,45.41,141.67,58.18,100,0,9.62,2018-09-10 16:06:32
82,Longyearbyen,NO,78.22,15.63,39.2,86,75,4.7,2018-09-10 14:50:00
83,Kodiak,US,39.95,-94.76,66.92,84,1,4.59,2018-09-10 14:53:00
84,Mogzon,RU,51.74,111.97,49.09,87,92,2.57,2018-09-10 16:06:33
85,Virginia Beach,US,36.85,-75.98,82.02,78,40,4.25,2018-09-10 15:54:00
86,Hobart,AU,-42.88,147.33,48.2,81,20,9.17,2018-09-10 15:00:00
87,Mar del Plata,AR,-46.43,-67.52,58.18,44,92,12.41,2018-09-10 15:36:13
88,Cabra,ES,37.47,-4.43,88.59,27,20,6.93,2018-09-10 15:30:00
89,Namibe,AO,-15.19,12.15,65.47,100,0,8.95,2018-09-10 16:04:49
90,Jamestown,AU,-33.21,138.6,50.44,42,0,9.84,2018-09-10 15:34:22
91,Ponta do Sol,BR,-20.63,-46.0,81.58,39,0,7.61,2018-09-10 16:03:11
92,Kimbe,PG,-5.56,150.15,77.71,100,20,7.16,2018-09-10 16:06:35
93,Nchelenge,ZM,-9.35,28.74,80.41,56,0,3.47,2018-09-10 16:06:35
94,Luwuk,ID,-0.95,122.79,76.36,89,12,7.72,2018-09-10 16:06:36
95,Ixtapa,MX,20.71,-105.21,78.8,94,75,3.36,2018-09-10 14:47:00
96,Ketchikan,US,55.34,-131.65,52.34,89,90,16.11,2018-09-10 14:56:00
97,Nizwa,OM,22.93,57.53,92.11,24,0,6.15,2018-09-10 16:03:49
98,Alto Longa,BR,-5.25,-42.21,97.78,29,0,7.72,2018-09-10 16:03:51
99,Kapaa,US,22.08,-159.32,73.44,93,75,5.37,2018-09-10 15:07:00
100,Norman Wells,CA,65.28,-126.83,41.0,86,90,9.17,2018-09-10 15:32:00
101,Bezenchuk,RU,52.99,49.43,71.59,35,24,7.72,2018-09-10 16:06:37
102,Baruun-Urt,MN,46.68,113.28,62.41,49,76,17.0,2018-09-10 16:06:38
103,Secunda,ZA,-26.52,29.2,65.38,13,0,6.6,2018-09-10 16:06:38
104,Khatanga,RU,71.98,102.47,39.91,86,88,9.62,2018-09-10 15:50:57
105,Sinnamary,GF,5.38,-52.96,84.73,89,12,5.03,2018-09-10 16:06:39
106,Warrnambool,AU,-38.38,142.48,56.74,90,0,13.76,2018-09-10 16:06:39
107,Turzovka,SK,49.41,18.63,74.35,43,75,1.12,2018-09-10 15:30:00
108,Darhan,MN,49.49,105.92,47.83,99,92,13.76,2018-09-10 16:06:40
109,Flin Flon,CA,54.77,-101.88,44.6,93,90,10.29,2018-09-10 15:00:00
110,Nikolskoye,RU,59.7,30.79,64.4,55,20,8.95,2018-09-10 15:00:00
111,Dunedin,NZ,-45.87,170.5,36.58,100,0,4.14,2018-09-10 16:01:27
112,Ancud,CL,-41.87,-73.83,51.43,84,88,3.58,2018-09-10 16:03:36
113,Hithadhoo,MV,-0.6,73.08,84.46,100,56,9.62,2018-09-10 15:35:52
114,Ichinoseki,JP,38.93,141.13,59.26,100,100,2.8,2018-09-10 16:06:41
115,Puerto Escondido,MX,15.86,-97.07,78.8,74,75,6.93,2018-09-10 14:45:00
116,Aykhal,RU,65.95,111.51,24.43,76,0,4.03,2018-09-10 16:05:53
117,Churachandpur,IN,24.33,93.67,71.41,90,64,0.89,2018-09-10 16:06:42
118,Vaini,IN,15.34,74.49,70.33,95,68,3.58,2018-09-10 15:35:44
119,Ustye,RU,58.76,27.79,66.55,85,64,9.17,2018-09-10 16:06:43
120,Manitouwadge,CA,49.12,-85.84,57.2,76,75,12.75,2018-09-10 15:00:00
121,Ribeira Grande,PT,38.52,-28.7,78.8,83,20,5.82,2018-09-10 15:00:00
122,Berlevag,NO,70.86,29.09,65.59,63,0,14.99,2018-09-10 15:50:00
123,Bonoua,CI,5.27,-3.6,82.4,78,40,10.29,2018-09-10 15:30:00
124,Yar-Sale,RU,66.83,70.83,39.55,100,24,9.4,2018-09-10 15:57:28
125,Westport,IE,53.8,-9.52,55.4,100,90,13.87,2018-09-10 15:30:00
126,Hilo,US,19.71,-155.08,59.02,84,90,4.7,2018-09-10 14:56:00
127,Ocho Rios,JM,18.41,-77.1,87.8,70,20,6.93,2018-09-10 15:00:00
128,Cagli,IT,43.55,12.65,80.67,65,0,6.93,2018-09-10 15:20:00
129,Uddevalla,SE,58.35,11.94,61.74,63,40,14.99,2018-09-10 15:50:00
130,Juegang,CN,32.31,121.18,73.03,97,92,6.82,2018-09-10 16:06:45
131,Gari,RU,59.43,62.35,46.12,57,44,3.69,2018-09-10 16:06:45
132,Hermanus,ZA,-34.42,19.24,71.23,33,0,3.36,2018-09-10 15:35:54
133,Vardo,US,39.62,-77.74,60.44,82,90,6.93,2018-09-10 15:49:00
134,Upernavik,GL,72.79,-56.15,35.86,100,88,0.78,2018-09-10 15:56:36
135,Kaitangata,NZ,-46.28,169.85,40.45,92,0,7.94,2018-09-10 16:04:23
136,Pato Branco,BR,-26.23,-52.67,81.76,40,0,8.72,2018-09-10 16:06:46
137,Limulunga,ZM,-15.13,23.15,85.09,16,0,7.94,2018-09-10 16:06:47
138,Port Lincoln,AU,-34.72,135.86,61.06,70,0,21.47,2018-09-10 16:03:52
139,Curuguaty,PY,-24.47,-55.69,87.88,35,0,2.8,2018-09-10 16:06:48
140,Asyut,EG,27.18,31.19,91.4,31,0,11.41,2018-09-10 15:00:00
141,Upata,VE,8.02,-62.41,78.43,100,68,3.69,2018-09-10 16:06:49
142,Pacific Grove,US,36.62,-121.92,54.88,100,90,3.24,2018-09-10 15:35:00
143,Faanui,PF,-16.48,-151.75,76.81,100,76,9.62,2018-09-10 15:35:56
144,Nichlaul,IN,27.32,83.73,77.26,93,68,2.46,2018-09-10 16:06:50
145,Kijang,KR,35.24,129.21,66.2,68,40,10.29,2018-09-10 15:00:00
146,Tacuarembo,UY,-31.73,-55.98,65.2,84,32,14.54,2018-09-10 16:06:50
147,Esperance,TT,10.24,-61.45,89.6,62,20,11.41,2018-09-10 15:00:00
148,Chernyshevskiy,RU,63.01,112.47,42.7,85,92,4.81,2018-09-10 16:06:51
149,Sobolevo,RU,54.43,31.9,63.94,69,80,12.97,2018-09-10 16:06:51
150,Erdenet,MN,49.03,104.04,42.7,99,92,6.38,2018-09-10 16:06:52
151,Bathsheba,BB,13.22,-59.52,87.8,66,40,13.87,2018-09-10 15:00:00
152,Emporia,US,38.4,-96.18,66.02,81,1,4.36,2018-09-10 14:53:00
153,Okhotsk,RU,59.36,143.24,47.11,100,92,1.12,2018-09-10 16:01:41
154,Grand Gaube,MU,-20.01,57.66,71.6,73,40,11.41,2018-09-10 15:00:00
155,Nanortalik,GL,60.14,-45.24,40.27,98,12,27.4,2018-09-10 15:51:36
156,Ambam,NG,9.52,8.32,69.16,100,92,4.25,2018-09-10 16:06:53
157,Richards Bay,ZA,-28.77,32.06,64.39,78,0,7.27,2018-09-10 16:03:33
158,Riyadh,SA,24.63,46.72,104.0,8,0,8.05,2018-09-10 15:00:00
159,Cherskiy,RU,68.75,161.3,54.58,56,20,5.93,2018-09-10 15:51:17
160,Torbay,CA,47.66,-52.73,57.2,54,40,6.93,2018-09-10 15:00:00
161,Otavi,NA,-19.64,17.34,78.34,20,0,4.36,2018-09-10 16:06:54
162,Galesong,ID,-5.32,119.37,78.8,50,20,2.24,2018-09-10 15:30:00
163,Calama,CL,-22.46,-68.93,73.4,4,0,5.82,2018-09-10 15:00:00
164,Butembo,CD,0.12,29.29,72.58,72,12,1.68,2018-09-10 16:06:55
165,Tura,IN,25.52,90.21,74.38,99,92,1.79,2018-09-10 15:51:33
166,Geraldton,CA,49.72,-86.95,62.6,63,40,19.46,2018-09-10 15:00:00
167,Souillac,FR,45.6,-0.6,80.6,44,0,9.17,2018-09-10 15:30:00
168,Sioux Lookout,CA,50.1,-91.92,59.7,87,90,12.75,2018-09-10 15:00:00
169,Nhulunbuy,AU,-12.18,136.78,69.8,94,0,9.62,2018-09-10 15:00:00
170,Tiznit,MA,29.7,-9.73,74.2,83,0,6.04,2018-09-10 15:59:37
171,Lata,IN,30.78,78.62,58.99,100,24,1.34,2018-09-10 15:37:09
172,Yarmouth,GB,50.71,-1.5,66.58,59,20,14.99,2018-09-10 15:50:00
173,Aketi,CD,2.74,23.78,80.14,79,48,4.7,2018-09-10 16:06:57
174,Beloha,MG,-25.17,45.06,64.75,98,100,12.41,2018-09-10 16:03:53
175,Barrow,AR,-38.31,-60.23,51.43,100,88,11.41,2018-09-10 15:33:36
176,Opuwo,NA,-18.06,13.84,84.55,17,0,7.27,2018-09-10 16:06:58
177,Bandarbeyla,SO,9.49,50.81,74.29,79,0,29.3,2018-09-10 16:06:58
178,Paamiut,GL,61.99,-49.67,39.73,100,24,14.99,2018-09-10 16:04:44
179,Aklavik,CA,68.22,-135.01,36.32,93,90,9.17,2018-09-10 15:35:00
180,Padang,ID,-0.92,100.36,82.03,100,64,3.13,2018-09-10 15:57:40
181,Nangka,MY,6.78,116.79,77.0,88,75,2.24,2018-09-10 15:00:00
182,Avarua,CK,-21.21,-159.78,69.8,88,20,3.36,2018-09-10 15:00:00
183,Bethel,US,60.79,-161.76,41.0,95,90,6.93,2018-09-10 15:27:00
184,Srednekolymsk,RU,67.46,153.71,55.48,53,68,6.04,2018-09-10 16:01:30
185,Arraial do Cabo,BR,-22.97,-42.02,77.0,57,20,11.41,2018-09-10 15:00:00
186,Simpang,MY,4.82,100.71,77.95,94,75,1.12,2018-09-10 15:00:00
187,Kayerkan,RU,69.35,87.76,36.31,93,68,17.78,2018-09-10 16:01:42
188,Kozhevnikovo,RU,56.26,83.98,42.79,90,64,9.95,2018-09-10 16:07:01
189,Terney,RU,45.05,136.61,55.3,97,0,9.17,2018-09-10 16:07:01
190,Abbeyfeale,IE,52.38,-9.3,60.8,93,75,9.17,2018-09-10 15:30:00
191,Cockburn Town,TC,21.46,-71.14,82.75,99,0,11.18,2018-09-10 16:04:30
192,Ahipara,NZ,-35.17,173.16,53.68,100,76,5.14,2018-09-10 15:52:25
193,Maltahohe,NA,-24.83,16.98,79.69,9,0,12.08,2018-09-10 16:07:02
194,Rio Grande,BR,-32.03,-52.1,64.4,72,90,17.22,2018-09-10 15:00:00
195,Port Alfred,ZA,-33.59,26.89,66.73,82,0,7.05,2018-09-10 15:35:22
196,Te Anau,NZ,-45.41,167.72,38.47,93,48,2.13,2018-09-10 15:51:31
197,Tazovskiy,RU,67.47,78.7,34.24,66,0,15.77,2018-09-10 16:00:43
198,Oranjestad,AW,12.52,-70.03,87.8,66,75,21.92,2018-09-10 15:00:00
199,Provideniya,RU,64.42,-173.23,45.58,100,68,1.68,2018-09-10 16:03:38
200,Plymouth,GB,50.37,-4.14,67.1,68,75,14.99,2018-09-10 15:50:00
201,Lavrentiya,RU,65.58,-170.99,41.35,100,44,4.92,2018-09-10 15:37:26
202,Sabang,PH,13.72,123.58,78.97,98,24,4.36,2018-09-10 16:03:24
203,Sibu,MY,2.29,111.83,78.8,88,75,3.58,2018-09-10 15:00:00
204,Samarai,PG,-10.62,150.67,77.8,98,88,21.81,2018-09-10 16:07:04
205,Mandalgovi,MN,45.76,106.27,52.24,33,0,15.77,2018-09-10 16:07:04
206,Port Hedland,AU,-20.31,118.58,69.8,68,0,10.29,2018-09-10 15:30:00
207,Kikwit,CD,-5.04,18.82,83.11,75,44,5.14,2018-09-10 16:07:05
208,Lichuan,CN,30.3,108.94,56.11,84,24,2.01,2018-09-10 16:07:05
209,Taloqan,AF,36.74,69.54,62.32,57,0,1.45,2018-09-10 16:07:06
210,Mingshui,CN,22.81,109.89,73.48,86,0,2.35,2018-09-10 16:07:06
211,Floriano,BR,-6.77,-43.02,96.7,28,0,12.19,2018-09-10 16:02:41
212,Seoul,KR,37.57,126.98,67.26,67,20,5.82,2018-09-10 15:58:00
213,Odienne,CI,9.51,-7.57,79.33,98,76,4.59,2018-09-10 16:07:07
214,Bouloupari,NC,-21.87,166.05,59.0,93,0,7.05,2018-09-10 15:30:00
215,Magna,FR,43.5,0.96,80.6,47,0,9.17,2018-09-10 16:00:00
216,Sitka,US,37.17,-99.65,65.38,88,0,6.82,2018-09-10 16:03:47
217,Oyama,JP,36.31,139.8,69.08,100,75,14.99,2018-09-10 15:16:00
218,Makakilo City,US,21.35,-158.09,73.09,90,75,3.69,2018-09-10 15:26:00
219,Kozmodemyansk,RU,56.33,46.55,53.6,76,0,4.47,2018-09-10 15:30:00
220,Half Moon Bay,US,37.46,-122.43,57.54,93,1,10.18,2018-09-10 15:40:00
221,Altay,CN,47.83,88.13,28.93,83,0,1.57,2018-09-10 16:07:09
222,Jablah,SY,35.36,35.93,80.6,61,40,4.7,2018-09-10 16:00:00
223,Junction City,US,39.03,-96.83,66.02,79,1,4.47,2018-09-10 14:56:00
224,Maniitsoq,GL,65.42,-52.9,37.39,100,80,8.95,2018-09-10 16:06:37
225,Sao Goncalo do Sapucai,BR,-21.89,-45.6,77.98,55,0,4.7,2018-09-10 16:05:18
226,Naze,NG,5.43,7.07,78.79,92,80,6.6,2018-09-10 16:01:46
227,Narsaq,GL,60.91,-46.05,44.6,70,20,9.17,2018-09-10 15:50:00
228,Sassandra,CI,4.95,-6.09,75.73,97,32,5.93,2018-09-10 15:57:37
229,High Rock,BS,26.63,-78.28,86.0,79,75,2.24,2018-09-10 15:00:00
230,Kavaratti,IN,10.57,72.64,82.66,100,0,9.17,2018-09-10 16:01:37
231,Tarko-Sale,RU,64.92,77.78,36.49,78,76,16.89,2018-09-10 16:07:13
232,Vanimo,PG,-2.67,141.3,82.21,100,76,7.05,2018-09-10 16:04:18
233,Leningradskiy,RU,69.38,178.42,53.05,66,68,7.16,2018-09-10 16:05:17
234,Mitsamiouli,KM,-11.38,43.28,80.6,57,20,16.11,2018-09-10 15:00:00
235,San Andres,PH,13.32,122.68,83.29,100,32,8.16,2018-09-10 16:07:14
236,Lethem,GY,3.38,-59.8,84.01,100,24,4.7,2018-09-10 16:07:15
237,Broken Hill,AU,-31.97,141.45,49.09,69,0,2.91,2018-09-10 16:03:32
238,Quatre Cocos,MU,-20.21,57.76,71.6,73,40,11.41,2018-09-10 15:00:00
239,Hasaki,JP,35.73,140.83,68.79,100,75,16.11,2018-09-10 15:30:00
240,Manzanillo,CU,20.34,-77.12,83.65,100,48,10.18,2018-09-10 16:07:16
241,Manjacaze,MZ,-24.71,33.88,70.33,55,0,12.08,2018-09-10 16:08:15
242,Yining,CN,29.04,114.56,62.59,81,88,2.13,2018-09-10 16:07:17
243,Glyadyanskoye,RU,54.91,65.09,49.9,64,92,7.05,2018-09-10 16:07:18
244,Tecoanapa,MX,16.99,-99.26,78.8,88,75,3.36,2018-09-10 14:47:00
245,Tacoronte,ES,28.48,-16.41,73.89,77,75,18.34,2018-09-10 16:00:00
246,Roebourne,AU,-20.77,117.15,73.12,42,0,11.52,2018-09-10 16:07:19
247,Zhigansk,RU,66.77,123.37,37.48,79,12,8.72,2018-09-10 16:07:19
248,Adrar,DZ,27.87,-0.29,111.2,10,40,12.75,2018-09-10 15:00:00
249,Mortka,RU,59.33,66.02,44.68,56,92,5.82,2018-09-10 16:07:20
250,Freeport,BS,26.54,-78.7,86.0,79,75,2.24,2018-09-10 15:00:00
251,Atengo,MX,20.18,-99.33,60.79,89,48,3.36,2018-09-10 16:07:20
252,Broome,GB,52.47,1.45,65.91,55,20,12.75,2018-09-10 15:56:00
253,Itoman,JP,26.12,127.67,79.74,97,40,4.7,2018-09-10 15:56:00
254,Yulara,AU,-25.24,130.99,51.8,15,0,1.12,2018-09-10 15:00:00
255,Mahebourg,MU,-20.41,57.7,71.6,73,40,11.41,2018-09-10 15:00:00
256,Milkovo,BG,41.53,24.68,80.6,32,56,9.17,2018-09-10 15:30:00
257,Provost,CA,52.35,-110.26,45.67,81,88,9.51,2018-09-10 16:05:49
258,Guadalajara,ES,40.63,-3.16,80.96,34,40,5.82,2018-09-10 15:30:00
259,Bay Roberts,CA,47.58,-53.28,57.2,54,40,6.93,2018-09-10 15:00:00
260,Bilibino,RU,68.06,166.44,51.16,79,56,4.03,2018-09-10 16:07:23
261,Beringovskiy,RU,63.05,179.32,50.71,98,20,6.38,2018-09-10 16:01:27
262,Puerto Narino,CO,-3.77,-70.38,75.2,100,75,2.24,2018-09-10 15:00:00
263,Guerrero Negro,MX,27.97,-114.04,71.68,96,0,4.03,2018-09-10 16:01:03
264,Coolum Beach,AU,-26.53,153.09,62.41,96,8,8.16,2018-09-10 16:07:25
265,Ruangwa,TZ,-10.07,38.93,80.32,49,0,5.7,2018-09-10 16:07:25
266,Kailua,US,21.39,-157.74,72.97,90,75,3.69,2018-09-10 15:26:00
267,Roshchino,RU,55.31,61.27,48.2,76,40,2.24,2018-09-10 15:30:00
268,Kozhva,RU,65.11,57.05,45.76,92,92,4.92,2018-09-10 16:07:27
269,Port Hueneme,US,34.15,-119.2,66.4,81,90,2.68,2018-09-10 15:14:00
270,Mikasa,JP,43.25,141.9,50.0,87,20,6.93,2018-09-10 15:30:00
271,Chokurdakh,RU,70.62,147.9,49.36,58,12,15.43,2018-09-10 16:03:05
272,Kuantan,MY,3.82,103.33,75.2,94,75,4.7,2018-09-10 15:00:00
273,Moyale,ET,3.52,39.05,78.79,55,0,9.51,2018-09-10 16:07:28
274,Touros,BR,-5.2,-35.46,84.28,68,68,20.8,2018-09-10 16:03:52
275,Isangel,VU,-19.55,169.27,71.77,100,64,5.93,2018-09-10 16:04:09
276,Muscle Shoals,US,34.75,-87.67,67.5,82,90,5.82,2018-09-10 15:55:00
277,Luderitz,NA,-26.65,15.16,61.15,78,0,3.58,2018-09-10 15:59:38
278,Nichinan,JP,31.65,131.31,73.93,100,20,11.18,2018-09-10 16:07:29
279,Marawi,PH,8.0,124.29,68.53,99,48,1.23,2018-09-10 16:07:29
280,Fort Nelson,CA,58.81,-122.69,28.4,100,75,1.34,2018-09-10 15:06:00
281,Williston,US,48.15,-103.62,65.86,45,1,3.36,2018-09-10 15:56:00
282,Lagoa,PT,37.14,-8.45,80.6,57,20,16.11,2018-09-10 15:30:00
283,Port Augusta,AU,-32.49,137.76,62.6,23,0,9.17,2018-09-10 15:00:00
284,Ambulu,ID,-8.35,113.61,74.92,100,64,6.71,2018-09-10 16:07:30
285,Ostrovnoy,RU,68.05,39.51,55.93,69,20,12.53,2018-09-10 16:04:29
286,Jeremie,HT,18.65,-74.12,86.26,83,0,4.14,2018-09-10 16:07:31
287,Puerto Cabello,VE,10.47,-68.01,76.9,88,68,3.36,2018-09-10 16:07:32
288,San Pedro,AR,-33.68,-59.66,66.46,63,0,9.84,2018-09-10 16:04:02
289,Dingle,PH,11.0,122.67,75.01,92,44,1.12,2018-09-10 16:04:30
290,Hobyo,SO,5.35,48.53,79.6,74,0,22.37,2018-09-10 16:04:15
291,Vyartsilya,RU,62.18,30.69,59.17,73,24,10.07,2018-09-10 16:07:32
292,Heide,DE,54.19,9.09,63.81,63,75,9.17,2018-09-10 15:20:00
293,Salalah,OM,17.01,54.1,77.0,94,75,8.05,2018-09-10 14:50:00
294,Gat,SN,14.69,-16.54,89.6,70,75,11.41,2018-09-10 15:00:00
295,Cabedelo,BR,-6.97,-34.84,80.6,78,90,18.34,2018-09-10 15:00:00
296,Calcinato,IT,45.46,10.41,84.18,48,20,5.82,2018-09-10 15:20:00
297,Saint Anthony,US,43.97,-111.68,53.89,9,1,5.82,2018-09-10 14:56:00
298,Ganzhou,CN,25.86,114.93,67.09,84,20,2.57,2018-09-10 16:07:35
299,Talnakh,RU,69.49,88.39,35.59,100,64,13.2,2018-09-10 16:03:13
300,Vila Velha,BR,-3.71,-38.6,89.6,49,0,21.92,2018-09-10 15:19:00
301,Kaeo,NZ,-35.1,173.78,46.93,100,64,3.69,2018-09-10 16:07:36
302,Atchison,US,39.56,-95.12,70.36,73,1,3.36,2018-09-10 15:53:00
303,Dzialdowo,PL,53.24,20.17,71.23,57,8,4.14,2018-09-10 16:07:36
304,Ciro Marina,IT,39.37,17.13,82.4,51,0,4.7,2018-09-10 14:50:00
305,Pasinler,TR,39.98,41.67,55.4,76,75,8.05,2018-09-10 15:20:00
306,Xining,CN,36.62,101.77,46.3,93,92,1.23,2018-09-10 16:03:50
307,Fjerritslev,DK,57.08,9.27,61.06,85,88,17.0,2018-09-10 16:07:37
308,Musoma,TZ,-1.5,33.81,78.8,65,20,11.41,2018-09-10 15:00:00
309,Saint-Philippe,CA,45.36,-73.48,57.7,62,1,8.05,2018-09-10 15:00:00
310,Actopan,MX,20.27,-98.94,65.74,68,0,3.36,2018-09-10 16:07:38
311,Ignalina,LT,55.34,26.16,72.49,58,0,5.93,2018-09-10 16:07:38
312,Yenagoa,NG,4.92,6.26,77.8,90,80,6.93,2018-09-10 16:04:38
313,Hofn,IS,64.25,-15.21,51.8,87,90,6.93,2018-09-10 15:00:00
314,Magdagachi,RU,53.45,125.8,43.96,79,56,3.91,2018-09-10 16:07:39
315,Boda,BD,26.2,88.56,74.38,98,92,4.92,2018-09-10 16:07:39
316,Nhamunda,BR,-2.19,-56.71,87.97,69,0,3.13,2018-09-10 16:07:40
317,Iwaki,JP,37.05,140.89,66.19,100,88,12.64,2018-09-10 16:07:40
318,Barkhan,PK,29.9,69.52,82.93,37,0,5.82,2018-09-10 16:07:40
319,Praia da Vitoria,PT,38.73,-27.07,80.6,83,20,5.03,2018-09-10 15:00:00
320,Petropavlovsk-Kamchatskiy,RU,53.05,158.65,39.2,93,32,7.16,2018-09-10 15:00:00
321,Maceio,BR,-9.67,-35.74,78.8,69,40,13.87,2018-09-10 16:00:00
322,San Patricio,PY,-26.98,-56.83,78.52,63,0,3.91,2018-09-10 16:07:41
323,Baykit,RU,61.68,96.39,48.64,81,32,7.38,2018-09-10 16:04:57
324,Yertarskiy,RU,56.79,64.3,43.33,60,0,6.49,2018-09-10 16:07:42
325,Hangu,PK,33.53,71.06,87.8,70,20,9.17,2018-09-10 15:00:00
326,Nishihara,JP,35.74,139.53,69.39,94,75,6.93,2018-09-10 15:13:00
327,Sept-Iles,CA,50.2,-66.38,50.0,71,75,8.05,2018-09-10 15:00:00
328,Bilma,NE,18.69,12.92,103.09,16,0,11.41,2018-09-10 16:07:43
329,Thunder Bay,CA,48.41,-89.26,62.6,72,75,11.41,2018-09-10 15:00:00
330,Beloye,RU,54.58,42.45,71.23,41,88,5.03,2018-09-10 16:07:43
331,Saint-Raphael,HT,19.43,-72.2,82.4,74,40,9.17,2018-09-10 15:00:00
332,Victoria,BN,5.28,115.24,77.92,94,75,1.12,2018-09-10 15:30:00
333,Kibondo,TZ,-3.59,30.72,80.68,47,80,2.13,2018-09-10 16:07:44
334,Jian,IN,25.65,87.89,77.35,99,92,6.93,2018-09-10 15:59:34
335,Morant Bay,JM,17.88,-76.41,87.8,70,20,6.93,2018-09-10 15:00:00
336,Mana,RS,43.52,20.24,71.33,38,20,6.93,2018-09-10 15:30:00
337,Bijar,IR,35.87,47.6,72.85,23,0,9.4,2018-09-10 16:07:45
338,Cachoeiras de Macacu,BR,-22.46,-42.65,62.68,84,92,3.24,2018-09-10 16:07:45
339,San Carlos de Bariloche,AR,-41.13,-71.31,46.4,75,75,2.24,2018-09-10 15:00:00
340,Gebre Guracha,ET,9.8,38.4,64.3,67,80,0.89,2018-09-10 16:07:46
341,Columbus,US,32.46,-84.99,83.89,65,90,4.7,2018-09-10 15:35:00
342,Qinhuangdao,CN,39.94,119.59,54.76,91,56,2.13,2018-09-10 16:07:47
343,Sur,OM,22.57,59.53,84.01,88,0,2.68,2018-09-10 16:06:09
344,Salinopolis,BR,-0.61,-47.36,83.92,92,0,9.95,2018-09-10 16:07:47
345,Sazonovo,RU,54.2,39.81,74.29,31,100,6.49,2018-09-10 16:07:47
346,Mangrol,IN,25.33,76.51,76.27,93,68,9.95,2018-09-10 16:07:48
347,Saskylakh,RU,71.97,114.09,26.5,77,0,5.14,2018-09-10 15:35:41
348,Waipawa,NZ,-39.94,176.59,34.51,77,56,5.14,2018-09-10 16:04:38
349,Loreto,PY,-23.27,-57.32,89.23,47,0,5.7,2018-09-10 16:02:58
350,Rocha,UY,-34.48,-54.34,61.78,67,76,11.41,2018-09-10 16:05:05
351,Mount Isa,AU,-20.73,139.49,60.8,21,0,4.7,2018-09-10 15:00:00
352,Camacha,PT,33.08,-16.33,76.23,64,40,19.46,2018-09-10 15:30:00
353,Lisala,CD,2.15,21.52,75.64,94,44,4.7,2018-09-10 16:07:49
354,Avera,US,33.19,-82.53,88.03,56,75,5.82,2018-09-10 15:35:00
355,Qaqortoq,GL,60.72,-46.03,44.6,70,20,9.17,2018-09-10 15:50:00
356,Jackson,US,35.61,-88.82,66.94,72,90,8.05,2018-09-10 15:56:00
357,Roald,NO,62.58,6.12,60.82,55,75,9.17,2018-09-10 15:50:00
358,Sirnak,TR,37.52,42.46,72.04,27,64,3.02,2018-09-10 16:07:50
359,Launceston,AU,-41.43,147.14,42.8,100,20,1.12,2018-09-10 15:30:00
360,Mosquera,CO,4.71,-74.23,64.4,45,20,9.17,2018-09-10 15:00:00
361,Svetlogorsk,RU,53.14,59.15,42.8,93,40,2.24,2018-09-10 15:30:00
362,Castro,CL,-42.48,-73.76,49.63,82,88,3.69,2018-09-10 15:35:26
363,Abonnema,NG,4.71,6.79,76.45,95,92,4.81,2018-09-10 16:07:52
364,Charyshskoye,RU,51.4,83.56,56.02,66,80,11.41,2018-09-10 16:07:52
365,Kyaikkami,MM,16.08,97.57,76.18,95,68,3.02,2018-09-10 16:07:53
366,Kirakira,SB,-10.46,161.92,77.98,100,92,16.44,2018-09-10 16:01:38
367,Vestmanna,FO,62.16,-7.17,51.8,93,80,8.05,2018-09-10 15:20:00
368,Fukue,JP,35.03,136.69,73.4,78,20,16.11,2018-09-10 15:30:00
369,Kushima,JP,31.5,131.29,73.93,100,20,11.18,2018-09-10 16:07:53
370,Snasa,NO,64.25,12.38,59.0,82,75,8.05,2018-09-10 15:20:00
371,Tigil,RU,57.8,158.67,42.88,90,20,7.16,2018-09-10 16:07:54
372,Port Hardy,CA,50.7,-127.42,55.4,93,90,8.05,2018-09-10 15:00:00
373,Pareora,NZ,-44.49,171.21,37.48,100,12,3.36,2018-09-10 16:07:55
374,Beberibe,BR,-4.18,-38.13,89.6,49,0,21.92,2018-09-10 15:19:00
375,Iberia,PE,-11.41,-69.49,88.06,64,0,3.02,2018-09-10 16:05:57
376,Vostok,RU,46.45,135.83,30.37,79,0,1.79,2018-09-10 15:51:33
377,Pabrade,LT,55.0,25.78,69.8,52,20,3.36,2018-09-10 15:50:00
378,Ulladulla,AU,-35.36,150.48,55.4,93,90,7.38,2018-09-10 15:30:00
379,Shache,CN,38.42,77.24,67.63,52,0,5.03,2018-09-10 16:04:49
380,Amot,NO,59.57,7.99,62.6,55,40,8.05,2018-09-10 15:50:00
381,Inhambane,MZ,-23.87,35.38,73.4,43,40,13.87,2018-09-10 15:00:00
382,Katghora,IN,22.51,82.55,70.96,98,92,2.57,2018-09-10 16:07:57
383,Saint George,GR,39.45,22.34,84.2,32,20,6.93,2018-09-10 15:20:00
384,Sidlaghatta,IN,13.39,77.86,75.79,100,40,1.12,2018-09-10 16:00:00
385,Husavik,CA,50.56,-96.99,63.04,70,0,11.86,2018-09-10 15:50:40
386,Marrakesh,MA,31.63,-7.99,87.8,33,0,3.36,2018-09-10 15:30:00
387,Vestmannaeyjar,IS,63.44,-20.27,50.0,81,20,11.41,2018-09-10 16:00:00
388,Mapiripan,CO,2.89,-72.13,83.65,76,24,4.36,2018-09-10 16:07:58
389,Fort Thomas,US,39.08,-84.45,61.07,86,90,6.93,2018-09-10 15:55:00
390,Mus,FR,43.74,4.2,87.13,54,90,13.87,2018-09-10 16:00:00
391,Margate,AU,-43.03,147.26,48.2,81,20,9.17,2018-09-10 15:00:00
392,Rundu,NA,-17.91,19.77,81.04,13,0,7.94,2018-09-10 16:07:59
393,Kamina,CD,-8.74,25.0,81.58,58,32,5.26,2018-09-10 16:08:00
394,Marsa Matruh,EG,31.35,27.25,84.2,58,0,13.87,2018-09-10 15:00:00
395,Lebowakgomo,ZA,-24.3,29.54,68.0,24,0,4.7,2018-09-10 15:00:00
396,Padra,IN,22.24,73.09,80.59,71,36,11.18,2018-09-10 16:08:00
397,Newcastle,ZA,-27.76,29.92,64.57,19,0,1.34,2018-09-10 16:04:46
398,Shingu,JP,33.72,135.99,74.56,100,8,6.38,2018-09-10 16:08:01
399,Fairbanks,US,64.84,-147.72,31.63,77,0,2.8,2018-09-10 16:03:41
400,Sorong,ID,-0.86,131.25,79.69,100,80,16.55,2018-09-10 16:08:02
401,Oranjemund,ZA,-28.55,16.43,59.44,89,0,9.4,2018-09-10 16:08:02
402,Codajas,BR,-3.84,-62.06,81.58,86,80,3.58,2018-09-10 16:07:08
403,Vigeland,NO,58.46,8.52,59.0,82,40,12.75,2018-09-10 15:50:00
404,Pingdingshan,CN,33.74,113.3,65.56,76,0,6.93,2018-09-10 16:08:03
405,El Dorado,VE,6.71,-61.64,80.05,85,36,2.68,2018-09-10 16:08:04
406,Hami,CN,42.84,93.51,62.23,19,0,8.05,2018-09-10 16:08:04
407,Puerto Cabezas,NI,14.04,-83.39,84.2,83,40,4.59,2018-09-10 15:00:00
408,Am Timan,TD,11.04,20.28,86.35,67,24,4.59,2018-09-10 16:08:05
409,Havoysund,NO,71.0,24.66,63.48,63,0,19.46,2018-09-10 15:50:00
410,Sao Filipe,CV,14.9,-24.5,78.52,97,64,19.35,2018-09-10 16:03:39
411,Rochefort,FR,45.94,-0.97,76.37,60,0,9.17,2018-09-10 16:00:00
412,Bani Walid,LY,31.76,14.0,100.12,20,0,7.27,2018-09-10 16:08:06
413,Kroya,ID,-6.5,108.06,78.34,63,0,8.28,2018-09-10 16:08:07
414,Lloydminster,CA,53.28,-110.01,42.8,100,90,10.29,2018-09-10 15:00:00
415,Saint-Pierre,FR,48.95,4.24,79.79,31,0,10.29,2018-09-10 15:30:00
416,Gillette,US,44.29,-105.5,66.92,47,1,3.36,2018-09-10 14:53:00
417,Wai,IN,17.95,73.89,68.44,100,68,2.57,2018-09-10 16:08:08
418,Shimoda,JP,34.7,138.93,76.63,100,92,13.65,2018-09-10 16:08:08
419,Banda Aceh,ID,5.56,95.32,76.81,87,64,2.46,2018-09-10 15:59:38
420,Aksarka,RU,66.56,67.8,37.48,80,48,8.61,2018-09-10 16:08:09
421,Ranapur,IN,22.65,74.53,75.91,83,36,5.59,2018-09-10 16:08:09
422,Gizo,IL,31.8,34.94,84.2,54,20,9.17,2018-09-10 15:20:00
423,Agadez,NE,16.97,7.99,91.4,49,40,9.17,2018-09-10 15:00:00
424,Flinders,AU,-34.58,150.85,55.4,93,90,3.36,2018-09-10 15:30:00
425,Scottsbluff,US,41.87,-103.67,61.18,60,1,3.36,2018-09-10 15:53:00
426,Charters Towers,AU,-20.07,146.27,60.79,69,0,6.93,2018-09-10 16:08:10
427,Teya,MX,21.05,-89.07,82.4,78,40,11.41,2018-09-10 14:48:00
428,Vao,EE,59.1,26.19,66.64,67,24,8.84,2018-09-10 16:01:24
429,Katsuura,JP,33.93,134.5,69.88,96,92,8.39,2018-09-10 15:51:08
430,Ulaanbaatar,MN,47.92,106.92,48.2,81,40,4.47,2018-09-10 16:00:00
431,Zabaykalsk,CN,49.64,117.33,63.58,44,68,12.08,2018-09-10 16:08:11
432,Karwar,IN,14.8,74.13,72.58,88,44,2.35,2018-09-10 16:08:12
433,Ilulissat,GL,69.22,-51.1,35.6,93,75,4.7,2018-09-10 14:50:00
434,Savelugu,GH,9.63,-0.83,82.66,81,92,4.59,2018-09-10 16:08:12
435,Warren,US,42.48,-83.03,59.76,82,90,10.29,2018-09-10 15:50:00
436,Truckee,US,39.33,-120.18,52.14,6,1,2.13,2018-09-10 15:55:00
437,Aasiaat,GL,68.71,-52.87,36.31,100,80,2.35,2018-09-10 16:08:13
438,Prince Rupert,CA,54.32,-130.32,53.6,93,90,2.24,2018-09-10 15:32:00
439,Beyneu,KZ,45.32,55.19,76.36,24,8,11.41,2018-09-10 16:08:14
440,Aswan,EG,24.09,32.9,99.13,22,0,12.53,2018-09-10 15:51:34
441,Port Blair,IN,11.67,92.75,82.21,100,20,9.17,2018-09-10 16:04:00
442,Waddan,LY,29.16,16.14,101.29,17,0,7.94,2018-09-10 16:08:15
443,Whitianga,NZ,-36.83,175.7,56.2,100,92,17.45,2018-09-10 16:01:25
444,Kizema,RU,61.11,44.83,52.87,84,0,3.24,2018-09-10 16:08:15
445,Tessalit,ML,20.2,1.01,97.24,34,20,9.95,2018-09-10 16:04:45
446,Terrace Bay,CA,48.78,-87.1,57.2,76,75,12.75,2018-09-10 15:00:00
447,Cidreira,BR,-30.17,-50.22,66.46,82,44,17.0,2018-09-10 16:08:16
448,Hohhot,CN,40.81,111.65,55.4,93,40,2.24,2018-09-10 15:00:00
449,Nioro,GM,13.79,-15.05,75.19,100,92,8.95,2018-09-10 16:04:58
450,Bilopillya,UA,51.15,34.31,65.92,89,68,10.63,2018-09-10 16:08:17
451,The Valley,AI,18.22,-63.06,86.23,74,40,3.36,2018-09-10 15:00:00
452,Kafr Sawm,JO,32.68,35.8,81.76,38,0,8.61,2018-09-10 16:08:18
453,Anadyr,RU,64.73,177.51,60.8,72,0,11.18,2018-09-10 15:00:00
454,Kavieng,PG,-2.57,150.8,80.23,100,36,2.68,2018-09-10 15:35:53
455,Smirnykh,RU,49.74,142.83,35.14,76,0,2.68,2018-09-10 16:08:18
456,College,US,64.86,-147.8,31.63,77,0,2.8,2018-09-10 16:06:29
457,Swellendam,ZA,-34.02,20.44,66.2,63,0,10.29,2018-09-10 15:00:00
458,Teknaf,BD,20.86,92.31,78.25,89,36,2.01,2018-09-10 16:07:22
459,Tautira,PF,-17.73,-149.15,71.6,78,0,3.36,2018-09-10 15:30:00
460,Panama City,US,30.16,-85.65,84.22,69,40,6.93,2018-09-10 14:56:00
461,Port Hawkesbury,CA,45.62,-61.36,60.8,44,1,3.36,2018-09-10 15:00:00
462,Najran,SA,17.54,44.22,91.4,13,40,6.93,2018-09-10 15:00:00
463,Homer,US,59.64,-151.54,42.28,82,1,2.8,2018-09-10 14:53:00
464,Ngaoundere,CM,7.32,13.58,69.8,88,40,6.93,2018-09-10 15:00:00
465,Auki,NG,12.18,6.51,72.31,100,92,1.57,2018-09-10 16:03:30
466,Hovd,NO,63.83,10.7,57.2,82,75,8.05,2018-09-10 15:20:00
467,Nova Olinda do Norte,BR,-3.89,-59.1,84.01,82,8,2.8,2018-09-10 16:08:23
468,Hwange,ZW,-18.35,26.5,82.21,15,0,6.15,2018-09-10 16:08:23
469,Coihaique,CL,-45.58,-72.07,45.23,70,20,4.7,2018-09-10 15:00:00
470,Tuy Hoa,VN,13.08,109.3,76.72,100,48,4.7,2018-09-10 16:03:12
471,Lalmohan,BD,22.34,90.74,83.56,82,0,12.75,2018-09-10 16:08:24
472,Nizip,TR,37.01,37.79,82.4,32,40,6.93,2018-09-10 15:20:00
473,Pizarro,CO,4.95,-77.37,80.14,97,68,3.13,2018-09-10 16:04:20
474,Jiana,RO,44.4,22.71,75.28,51,0,11.74,2018-09-10 16:08:25
475,Poya,NC,-21.35,165.16,67.27,100,100,9.4,2018-09-10 16:08:25
476,Parabel,RU,58.71,81.5,41.44,82,68,10.96,2018-09-10 16:04:59
477,Ron,IN,15.7,75.73,78.25,57,36,10.18,2018-09-10 16:08:25
478,Enshi,CN,30.29,109.48,59.44,78,64,2.35,2018-09-10 16:08:26
479,Kruisfontein,ZA,-34.0,24.73,67.54,75,0,4.92,2018-09-10 15:59:32
480,Bonthe,SL,7.53,-12.5,76.36,99,92,4.92,2018-09-10 16:02:30
481,Stromness,CA,42.87,-79.55,55.72,80,90,21.59,2018-09-10 15:54:00
482,Cap Malheureux,MU,-19.98,57.61,71.6,73,40,11.41,2018-09-10 15:00:00
483,Vaitape,PF,-16.52,-151.75,76.81,100,0,11.63,2018-09-10 16:07:10
484,Codrington,AU,-28.95,153.24,50.44,91,0,4.14,2018-09-10 16:01:34
485,Nehe,CN,48.48,124.88,56.38,67,24,14.76,2018-09-10 16:08:27
486,Wyszkow,PL,52.59,21.46,73.4,40,0,5.82,2018-09-10 16:00:00
487,Fortuna,ES,38.18,-1.13,82.44,58,20,24.16,2018-09-10 15:30:00
488,Sao Felix do Xingu,BR,-6.64,-51.99,85.81,69,0,2.68,2018-09-10 16:00:28
489,Belmonte,PT,40.36,-7.35,82.48,42,0,4.7,2018-09-10 16:08:28
490,Ajdabiya,LY,30.75,20.22,90.49,41,0,15.77,2018-09-10 16:08:28
491,Mersing,MY,2.43,103.84,74.2,100,92,2.01,2018-09-10 16:08:29
492,Lake Havasu City,US,34.47,-114.34,92.41,26,1,14.99,2018-09-10 15:35:00
493,Yelabuga,RU,55.76,52.06,53.6,62,0,8.95,2018-09-10 15:30:00
494,Lae,PG,-6.72,146.98,66.91,100,48,1.12,2018-09-10 16:08:30
495,Rawson,AR,-43.3,-65.11,59.17,49,48,18.23,2018-09-10 16:01:12
496,Gidole,ET,5.65,37.37,76.63,61,56,2.46,2018-09-10 16:08:30
497,Wanaka,NZ,-44.7,169.14,32.17,94,44,2.68,2018-09-10 16:08:31
498,Dryden,CA,49.79,-92.84,59.0,93,90,13.87,2018-09-10 15:00:00
499,Yeppoon,AU,-23.13,150.74,60.8,67,40,6.93,2018-09-10 15:00:00
500,Ambilobe,MG,-13.19,49.05,82.57,44,0,12.41,2018-09-10 16:08:31
501,Taoudenni,ML,22.68,-3.98,105.88,18,36,11.52,2018-09-10 16:08:32
502,Remanso,BR,-9.62,-42.08,83.56,65,0,12.08,2018-09-10 16:07:22
503,Puerto Ayacucho,CO,5.66,-67.63,83.92,82,12,2.91,2018-09-10 16:08:32
504,Mulege,MX,26.88,-111.98,75.82,83,0,3.8,2018-09-10 16:08:32
505,Banjar,ID,-7.37,108.54,72.04,83,48,4.47,2018-09-10 16:08:33
506,Pahrump,US,36.21,-115.98,74.35,17,1,1.68,2018-09-10 15:53:00
507,Dwarka,IN,28.58,77.04,84.2,79,40,4.7,2018-09-10 15:00:00
508,Kuroiso,JP,36.97,140.05,59.44,100,100,2.01,2018-09-10 16:08:33
509,Baft,IR,29.23,56.61,67.81,23,24,2.24,2018-09-10 16:08:34
510,Deputatskiy,RU,69.3,139.9,35.41,97,92,11.07,2018-09-10 15:51:06
511,Kovdor,RU,67.56,30.47,60.7,67,0,4.25,2018-09-10 16:08:34
512,Honningsvag,NO,70.98,25.97,65.71,63,0,19.46,2018-09-10 15:50:00
513,Yaan,NG,7.38,8.57,80.32,91,92,5.03,2018-09-10 16:08:35
514,Halol,IN,22.51,73.47,80.86,76,64,9.51,2018-09-10 16:08:35
515,Kudat,MY,6.89,116.84,77.0,88,75,2.24,2018-09-10 15:00:00
516,Los Llanos de Aridane,ES,28.66,-17.92,78.8,65,20,17.22,2018-09-10 15:30:00
517,Longyan,CN,25.1,117.03,62.41,90,44,1.79,2018-09-10 16:08:36
518,Ossora,RU,59.24,163.07,43.51,100,56,3.36,2018-09-10 16:04:40
519,Saint-Francois,FR,46.42,3.91,86.0,30,0,3.36,2018-09-10 15:30:00
520,Meulaboh,ID,4.14,96.13,79.24,100,64,3.13,2018-09-10 16:04:59
521,Hammerfest,NO,70.66,23.68,62.6,67,0,31.09,2018-09-10 15:50:00
522,Grindavik,IS,63.84,-22.43,50.72,66,75,5.82,2018-09-10 15:30:00
523,Lurgan,GB,54.46,-6.33,54.54,93,75,12.75,2018-09-10 15:50:00
524,The Pas,CA,53.82,-101.24,46.4,93,90,12.75,2018-09-10 15:00:00
525,Tuatapere,NZ,-46.13,167.69,42.43,100,56,8.39,2018-09-10 16:03:15
526,Sibolga,ID,1.74,98.78,70.06,100,88,1.45,2018-09-10 16:08:38
527,Barreirinhas,BR,-2.75,-42.83,95.89,44,0,9.95,2018-09-10 16:08:38
528,Bambous Virieux,MU,-20.34,57.76,71.6,73,40,11.41,2018-09-10 15:00:00
529,Iqaluit,CA,63.75,-68.52,39.2,93,90,5.82,2018-09-10 15:25:00
530,Shelopugino,RU,51.65,117.56,55.66,61,92,4.92,2018-09-10 16:08:39
531,Barranca,PE,-10.75,-77.76,60.43,100,64,5.37,2018-09-10 16:08:39
532,Tarauaca,BR,-8.16,-70.77,90.94,59,0,3.8,2018-09-10 16:08:39
533,Jijiga,ET,9.35,42.8,70.78,63,64,1.12,2018-09-10 16:08:39
534,Kahului,US,20.89,-156.47,69.98,93,1,4.7,2018-09-10 14:56:00
535,Buchanan,LR,5.88,-10.05,78.8,94,75,6.93,2018-09-10 15:30:00
536,Lykhivka,UA,48.69,33.92,71.86,68,88,8.72,2018-09-10 16:08:40
537,Kota Belud,MY,6.35,116.43,75.2,94,75,5.82,2018-09-10 15:30:00
538,Eyl,SO,7.98,49.82,83.2,60,8,22.03,2018-09-10 16:08:41
539,Comodoro Rivadavia,AR,-45.87,-67.48,62.6,33,0,13.87,2018-09-10 15:00:00
540,Tabory,PL,53.89,19.53,71.68,60,20,4.47,2018-09-10 16:08:41
541,Marzuq,YE,14.4,46.47,85.9,18,88,2.57,2018-09-10 16:06:55
542,Ryotsu,JP,38.08,138.43,70.33,100,36,10.29,2018-09-10 16:03:57
543,Ekibastuz,KZ,51.72,75.32,50.26,65,80,12.3,2018-09-10 16:05:28
544,Berdigestyakh,RU,62.1,126.7,37.75,66,92,7.94,2018-09-10 16:08:42
545,Mugur-Aksy,RU,50.38,90.44,23.89,77,0,1.79,2018-09-10 16:08:43
546,Korcula,HR,42.96,17.14,87.8,22,20,13.87,2018-09-10 15:00:00
547,Kerman,IR,30.29,57.06,86.0,5,0,13.87,2018-09-10 15:00:00
548,Kumluca,TR,36.37,30.29,67.09,58,36,1.79,2018-09-10 16:08:43
549,Ayotzintepec,MX,17.67,-96.13,75.28,75,0,1.34,2018-09-10 16:08:44
550,Yinchuan,CN,38.48,106.21,55.03,73,48,3.36,2018-09-10 16:08:44
551,Mamallapuram,IN,12.63,80.17,86.0,62,40,9.17,2018-09-10 16:00:00
552,Doha,QA,25.29,51.53,95.0,67,0,8.05,2018-09-10 15:00:00
553,Requena,ES,39.49,-1.1,80.6,61,20,11.41,2018-09-10 16:00:00
554,Faya,SA,18.39,42.45,82.4,14,40,18.34,2018-09-10 15:00:00
555,Henties Bay,NA,-22.12,14.28,63.76,71,0,6.82,2018-09-10 16:04:36
556,Belle Glade,US,26.68,-80.67,85.62,66,75,3.36,2018-09-10 15:35:00
557,Stephenville,US,32.22,-98.2,69.13,80,90,5.14,2018-09-10 15:15:00
558,Canutama,BR,-6.53,-64.38,83.83,80,56,3.36,2018-09-10 16:08:46
559,Huanuco,PE,-9.93,-76.24,49.0,82,76,2.13,2018-09-10 16:08:46
560,Honiara,SB,-9.43,159.96,73.4,100,40,3.36,2018-09-10 15:00:00
561,La Asuncion,EC,-1.64,-78.74,55.69,81,75,4.7,2018-09-10 15:00:00
562,Constitucion,MX,23.99,-104.67,62.6,88,90,4.25,2018-09-10 14:48:00
